"source_website","job_count"
"LinkedIn","197025"
"BeBee","172379"
"Trabajo.org","71993"
"Indeed","43998"
"Recruit.net","23723"
"ZipRecruiter","15673"
"Jobs","13119"
"Snagajob","9424"
"My","7258"
"SimplyHired","6619"
"Jobrapido.com","6225"
"The","5962"
"Sercanto","5680"
"Ai-Jobs.net","5372"
"Adzuna","5267"
"Emplois","5175"
"Dice","4488"
"SmartRecruiters","4484"
"Jobijoba","4390"
"Talent.com","4224"
"Empregos","3880"
"XING","3733"
"Jooble","3711"
"Clearance","3616"
"Melga","3392"
"WJHL","3329"
"Startup","3292"
"Ladders","3081"
"hh.ru","3009"
"Praca","2630"
"Lensa","2608"
"Linkedin","2564"
"Nexxt","2353"
"Monster","2346"
"WANE","2320"
"Lavoro","2277"
"Trabajo.","2264"
"Jora","2241"
"GrabJobs","2214"
"Jobgether","2073"
"Shine","1806"
"Built","1704"
"KSNT","1636"
"Emprego.pt","1625"
"Pnet","1566"
"EFinancialCareers","1479"
"Stepstone","1439"
"JobServe","1435"
"Big","1378"
"Upwork","1356"
"CareerBuilder","1347"
"HelloWork","1346"
"Vacatures","1284"
"WhatJobs","1276"
"Central","1191"
"IT","1181"
"JobLeads","1106"
"WREG","1089"
"WJTV","1089"
"Welcome","1052"
"Totaljobs","1038"
"EMPREGO","996"
"StepStone","939"
"KHON2","930"
"Careers","923"
"Adzuna.pl","910"
"Tarta.ai","904"
"Dice.com","867"
"Wellfound","862"
"Joblum","815"
"AngelList","802"
"Smart","737"
"SonicJobs","733"
"Bayt.com","729"
"MyArklaMiss","690"
"Diversity","624"
"Maukerja","617"
"Mendeley","588"
"SaluteMyJob","579"
"Career","566"
"JobTeaser","564"
"ClimateTechList","562"
"JobThai","549"
"CV-Library","538"
"Comeet","538"
"Get.It","529"
"Intellijobs.ai","511"
"Singapore","510"
"IrishJobs.ie","501"
"Net-Empregos","495"
"WayUp","485"
"Catho","485"
"Your","476"
"WAVY","463"
"Energy","461"
"Randstad","459"
"Laimoon.com","459"
"FOX","450"
"Top","447"
"Whatjobs?","445"
"Fairygodboss","435"
"وظائف","427"
"SimplyHired,","422"
"Talentify","419"
"HR","418"
"Nationale","416"
"Shine.com","410"
"ComputerJobs.com","400"
"NBC4i","395"
"工作搜索引擎|","384"
"Learn4Good","382"
"Relocation","378"
"Robert","378"
"FOX44","377"
"LifeworQ","376"
"ProActuary","375"
"WDHN","373"
"Emprego","370"
"Работа","364"
"Theprotocol.it","363"
"MyJobMag","344"
"AI","342"
"VDAB","319"
"IndisJob","316"
"WOWKtv","315"
"CW39","312"
"Jobaaj.com","309"
"Jobg8","305"
"Karkidi","302"
"EMPREGO.pt","294"
"FOX21News","290"
"Job","288"
"Higher","287"
"CareerJunction","287"
"领英","280"
"Monster.ca","277"
"EchoJobs","272"
"领英(中国)","269"
"Monster.de","267"
"VentureLoop","267"
"Rabota.by","261"
"Cadremploi","255"
"인디드","252"
"Texas","249"
"Cognizant","248"
"Robota.ua","241"
"Monster.co.uk","238"
"Työpaikat","237"
"Boston","231"
"Hitachi","229"
"Professional","229"
"Indeed.ie","225"
"Jobbkk.com","225"
"Splunk","218"
"工作搜索引擎","215"
"Lucrezi.ro","215"
"Learn4Good.com","214"
"JobiJoba.de","210"
"Snowflake","210"
"KTAL","208"
"Monster.fr","207"
"UNjobnet","205"
"ComputerJobs","201"
"Meteojob","199"
"Glints","199"
"Вакансии","195"
"Star","194"
"Pôle","193"
"Jobtome","191"
"HERC","191"
"JOBTOPGUN","190"
"104人力銀行","189"
"Apec","186"
"Kalibrr","185"
"Levels.fyi","183"
"GameJobs.co","182"
"Adzuna.at","178"
"DiversityJobs","177"
"Cambridge","174"
"Technojobs","171"
"Rabota.md","171"
"DataAnalyst.com","171"
"Jobs.appcast.io","171"
"Blognone","170"
"PHL17","167"
"Hitmarker","165"
"WSPA","163"
"Kit","162"
"香港職缺","161"
"RABOTA.ua","159"
"หางาน","158"
"WUZZUF","157"
"Motion","154"
"JOIN","152"
"Caterpillar","152"
"Talent","151"
"UN","150"
"OnlyDataJobs","149"
"Magnet.me","149"
"WJBF","147"
"Jobs.ch","145"
"WIZBII","145"
"UPMatters","141"
"PIX11","140"
"Careermap","139"
"إنديد","139"
"New","139"
"Figaro","133"
"Leidos","131"
"EJobs","131"
"تنقيب","130"
"DE","129"
"Caribbean","129"
"MNC","127"
"Jobbsafari","127"
"NodeFlair","124"
"Virtual","123"
"DisABLEDperson.com","120"
"Rabota.ua","120"
"KLFY","119"
"Eightfold.ai","119"
"WGN-TV","118"
"Talents","117"
"Harnham","115"
"Florida","114"
"Jobtopgun.com","113"
"Pangian","113"
"Yourator","113"
"Work","112"
"FOX4KC","110"
"Gumtree","109"
"TIAA","108"
"INSPYR","108"
"California","107"
"WLNS","107"
"Indeed.ch","107"
"Orion","107"
"Institute","105"
"WRBL","104"
"TEKsystems","102"
"DirectlyApply","102"
"Tanitjobs.com","102"
"Great","101"
"HigherEdJobs","101"
"BrighterMonday","101"
"VK","101"
